{"rel_error": 331.43905033767004, "uncertainty_coverage": 0.7983425564236111}